Word,Meaning
abate,"to reduce in amount, degree, or intensity; lessen"
abdicate,"to formally give up power or responsibility"
aberrant,"deviating from what is normal or expected"
abeyance,"a temporary suspension or inactivity"
abhor,"to regard with extreme aversion or loathing"
abject,"extremely miserable; wretched"
abjure,"to renounce or give up under oath; to reject solemnly"
abrogate,"to officially or formally abolish or annul"
abscond,"to leave quickly and secretly to avoid detection"
abstruse,"difficult to understand; obscure"
accolade,"an expression of praise or admiration"
acerbic,"sharp or biting in tone or taste"
acquiesce,"to accept or comply without protest"
acrimonious,"bitter and angry, especially in speech or behavior"
admonish,"to warn or scold someone firmly"
adroit,"skillful and adept, especially in handling difficult situations"
adulation,"excessive praise or admiration"
adulterate,"to make impure by adding inferior or improper ingredients"
adversary,"an opponent or enemy"
advocate,"to publicly support or recommend; a person who supports or recommends a cause or policy"
aesthetic,"pertaining to beauty or the arts"
affable,"friendly, pleasant, and easy to talk to"
affinity,"a natural liking or attraction to someone or something"
alacrity,"cheerful readiness or willingness"
alias,"a false or assumed identity"
alienate,"to cause someone to feel isolated or estranged"
alleviate,"to make suffering, pain, or burden less severe"
altruism,"selfless concern for the well-being of others; unselfishness"
ambivalent,"having mixed feelings or contradictory ideas about something or someone"
ameliorate,"to make something better or more tolerable"
amenable,"open and responsive to suggestion; easily persuaded or controlled"
amorphous,"lacking a definite form or shape"
anachronistic,"outdated or chronologically misplaced"
analogous,"comparable in certain respects; similar"
anarchy,"a state of disorder and chaos due to the absence of authority or government"
anecdote,"a short and amusing or interesting story about a real incident or person"
animosity,"strong hostility or ill will"
annex,"to add or attach, especially to a larger or more significant thing"
anomaly,"something that deviates from what is standard, normal, or expected"
anonymous,"of unknown identity or name"
antagonism,"active hostility or opposition"
antediluvian,"extremely old or ancient; prehistoric"
antithesis,"a person or thing that is the direct opposite of someone or something else"
apathy,"lack of interest, enthusiasm, or concern"
aplomb,"self-confidence or assurance, especially in a demanding situation"
appease,"to bring to a state of peace, quiet, ease, or calm; to soothe"
apprehensive,"anxious or fearful that something bad or unpleasant will happen"
aptitude,"natural ability or talent"
arcane,"understood by few; mysterious or secret"
archaic,"very old or old-fashioned"
arduous,"involving or requiring strenuous effort; difficult and tiring"
artifice,"clever or cunning devices or expedients, especially as used to trick or deceive others"
ascertain,"to find out definitely; to determine"
ascetic,"characterized by self-discipline and self-denial for spiritual or personal improvement"
assiduous,"showing great care, attention, and effort"
assuage,"to make an unpleasant feeling less intense; to relieve or ease"
astute,"shrewd and clever; mentally sharp or quick"
audacious,"showing a willingness to take surprisingly bold risks"
augment,"to make something greater by adding to it; to increase"
auspicious,"conducive to success; favorable"
austere,"severe or strict in manner, attitude, or appearance"
autonomous,"acting independently or having the freedom to do so"
avarice,"extreme greed for wealth or material gain"
aversion,"a strong dislike or disinclination"
banal,"lacking originality, freshness, or novelty; trite"
belie,"to give a false impression; to contradict"
belligerent,"hostile and aggressive, ready to fight"
benevolent,"kind and generous; motivated by goodwill"
benign,"kindly; not harmful"
bequeath,"to pass on or leave (property or belongings) to someone"
berate,"to scold or criticize angrily"
bereft,"deprived of or lacking something, especially a nonmaterial asset"
bizarre,"very strange or unusual"
blatant,"done openly and unashamedly; completely lacking in subtlety"
bogus,"not genuine or true; fake"
boisterous,"noisy, energetic, and cheerful; rowdy"
bolster,"to support, strengthen, or reinforce"
bombastic,"high-sounding but with little meaning; inflated"
boon,"a thing that is helpful or beneficial; a favor or request"
brusque,"abrupt or offhand in speech or manner"
bucolic,"relating to the pleasant aspects of the countryside and rural life"
bureaucracy,"a system of government in which most decisions are made by state officials rather than elected representatives"
burgeon,"to begin to grow or increase rapidly; to flourish"
buttress,"to support or strengthen; a source of defense or support"
cacophony,"a harsh, discordant mixture of sounds"
cajole,"to persuade someone to do something by coaxing or flattery"
calamity,"an event causing great and often sudden damage, distress, or disaster"
callous,"showing or having an insensitive and cruel disregard for others"
callow,"inexperienced and immature"
candor,"the quality of being open and honest in expression; frankness"
capricious,"given to sudden and unaccountable changes of mood or behavior"
catharsis,"the process of releasing strong emotions through a particular activity or experience"
caustic,"sarcastic in a scathing and bitter way"
censure,"to express severe disapproval or criticism"
chagrin,"distress or embarrassment at having failed or been humiliated"
charlatan,"a person falsely claiming to have a special knowledge or skill; a fraud"
chicanery,"the use of deception or subterfuge to achieve one's purpose"
circumscribe,"to restrict within limits; to define or mark off carefully"
circumspect,"wary and unwilling to take risks; cautious"
clandestine,"kept secret or done secretively, especially because illicit"
coalesce,"to come together to form one mass or whole"
cogent,"clear, logical, and convincing"
coherent,"logical and consistent"
colloquial,"used in ordinary or familiar conversation; not formal or literary"
commensurate,"corresponding in size or degree; in proportion"
compendium,"a collection of concise but detailed information about a particular subject"
complacency,"a feeling of smug or uncritical satisfaction with oneself or one's achievements"
compliant,"inclined to agree or obey; submissive"
conciliatory,"intended or likely to placate or pacify; soothing"
concur,"to agree; to be of the same opinion"
condescending,"having or showing a feeling of patronizing superiority"
conducive,"making a certain situation or outcome likely or possible"
confound,"to cause surprise or confusion in someone, especially by acting against their expectations"
congenial,"pleasant or agreeable; suitable to one's taste or inclination"
connoisseur,"an expert judge in matters of taste or appreciation"
consensus,"a general agreement among a group or majority"
consternation,"feelings of anxiety or dismay, typically at something unexpected"
consummate,"to make complete or perfect; to bring to a state of perfection"
contempt,"the feeling that a person or a thing is beneath consideration, worthless, or deserving scorn"
contend,"to assert or argue a point; to compete"
contentious,"causing or likely to cause an argument; controversial"
contrite,"feeling or expressing remorse or penitence; affected by guilt"
conundrum,"a confusing or difficult problem or question"
convergence,"the process of coming together or meeting at a point"
convoluted,"extremely complex and difficult to follow"
copious,"abundant in supply or quantity"
cordial,"warm and friendly"
corpulent,"fat; having a large, bulky body"
corroborate,"to confirm or give support to"
countenance,"a person's face or facial expression"
covert,"not openly acknowledged or displayed"
covet,"to desire or want something intensely, often belonging to someone else"
cower,"to crouch down in fear"
crass,"lacking sensitivity, refinement, or intelligence"
credence,"belief in or acceptance of something as true"
credulous,"having or showing a readiness to believe things too readily; gullible"
cryptic,"having a meaning that is mysterious or obscure"
culpable,"deserving blame; guilty"
culminate,"to reach a climax or point of highest development"
culpable,"deserving blame; guilty"
culminate,"to reach a climax or point of highest development"
cultivate,"to foster the growth of; to nurture or develop"
cumbersome,"burdensome or difficult to carry or handle"
cursory,"hasty and therefore not thorough or detailed"
curtail,"to reduce in extent or quantity; to impose a restriction"
cynical,"doubtful or distrustful of the goodness or sincerity of human motives"
daunt,"to make someone feel intimidated or apprehensive"
dearth,"a scarcity or lack of something"
debacle,"a sudden and ignominious failure; a fiasco"
debilitate,"to make someone weak and infirm"
decimate,"to destroy or kill a large portion of"
decorum,"behavior in keeping with good taste and propriety"
deferential,"showing respect and humble submission"
defunct,"no longer existing or functioning"
deleterious,"causing harm or damage"
delineate,"to describe or portray something precisely"
demagogue,"a political leader who seeks support by appealing to popular desires and prejudices rather than by using rational argument"
demure,"reserved, modest, and shy"
denounce,"to publicly declare to be wrong or evil"
deplete,"to use up the supply or resources of"
depravity,"moral corruption or wickedness"
deprecate,"to express disapproval of"
deride,"to ridicule or mock"
derivative,"not original; based on something else"
desecrate,"to treat a sacred place or thing with violent disrespect; to violate"
desolate,"deserted; without inhabitants; barren"
despondent,"in low spirits from loss of hope or courage"
despot,"a ruler or person who holds absolute power, typically exercising it in a cruel or oppressive way"
destitute,"extremely poor; lacking the necessities of life"
deter,"to discourage or restrain from acting or proceeding"
detract,"to diminish or take away the worth or value of"
deviate,"to depart from an established course or norm"
devoid,"entirely lacking or free from"
didactic,"intended to teach, particularly in having moral instruction as an ulterior motive"
diffident,"modest or shy because of a lack of self-confidence"
dilemma,"a situation in which a difficult choice has to be made between two or more alternatives"
diminutive,"extremely or unusually small"
dirge,"a funeral song or tune"
disconcert,"to disturb the composure of; to unsettle"
discourse,"written or spoken communication or debate"
discrepancy,"a lack of compatibility or similarity between two or more facts"
discrete,"individually separate and distinct"
disdain,"the feeling that someone or something is unworthy of respect or consideration"
disgruntled,"angry or dissatisfied"
disparage,"to belittle or criticize"
disparate,"essentially different in kind; not allowing comparison"
disseminate,"to spread or disperse widely"
dissent,"to hold or express opinions that are at variance with those previously, commonly, or officially expressed"
distraught,"deeply upset and agitated"
divergent,"tending to be different or develop in different directions"
divulge,"to make known (private or sensitive information)"
docile,"ready to accept control or instruction; submissive"
dogmatic,"inclined to lay down principles as incontrovertibly true"
dormant,"temporarily inactive or in a state of rest"
dubious,"hesitating or doubting; uncertain"
duplicitous,"deceptive in words or actions; deliberately misleading"
dynamic,"characterized by constant change, activity, or progress"
ebullient,"cheerful and full of energy; exuberant"
eclectic,"deriving ideas, style, or taste from a broad and diverse range of sources"
edict,"an official order or proclamation issued by a person in authority"
efficacious,"capable of producing the desired result or effect"
egregious,"outstandingly bad; shocking"
elicit,"to evoke or draw out (a response, answer, or fact) from someone"
eloquent,"fluent or persuasive in speaking or writing"
elucidate,"to make clear; to explain"
elusive,"difficult to find, catch, or achieve"
emaciated,"abnormally thin or weak, especially because of illness or a lack of food"
emulate,"to imitate or match, typically by effort or ambition"
encompass,"to surround or hold within"
encroach,"to intrude on a person's territory, rights, etc."
endemic,"regularly found among particular people or in a certain area"
enigma,"a person or thing that is mysterious, puzzling, or difficult to understand"
enmity,"a state of deep-seated ill-will; hostility"
ephemeral,"lasting for a very short time; fleeting"
epitome,"a person or thing that is a perfect example of a particular quality or type"
equanimity,"mental calmness, composure, and evenness of temper, especially in a difficult situation"
equivocate,"to use ambiguous language so as to conceal the truth or avoid making a commitment"
erudite,"having or showing great knowledge or learning"
eschew,"to deliberately avoid using; to abstain from"
espouse,"to adopt or support (a cause, belief, or way of life)"
ethereal,"extremely delicate and light in a way that seems too perfect for this world"
euphemism,"a mild or indirect word or expression substituted for one considered to be too harsh or blunt"
evanescent,"quickly fading or disappearing; transient"
exacerbate,"to make (a problem, situation, or feeling) worse"
exalt,"to hold (someone or something) in very high regard; to think or speak very highly of"
exemplary,"serving as a desirable model; representing the best of its kind"
exhort,"to strongly encourage or urge (someone) to do something"
exonerate,"to absolve (someone) from blame or wrongdoing"
expedient,"convenient and practical, although possibly improper or immoral"
expunge,"to erase or remove completely (something unwanted or unpleasant)"
extol,"to praise enthusiastically"
extraneous,"irrelevant or unrelated to the subject being dealt with"
extricate,"to free (someone or something) from a constraint or difficulty"
facilitate,"to make (an action or process) easy or easier"
fallacious,"based on a mistaken belief; misleading"
fastidious,"very attentive to and concerned about accuracy and detail"
fatuous,"silly and pointless"
fathom,"to understand (a difficult problem or an enigmatic person) after much thought"
feasible,"possible to do easily or conveniently"
fervent,"having or displaying a passionate intensity"
fiasco,"a complete failure, especially in a ludicrous or humiliating way"
fickle,"changing frequently, especially as regards one's loyalties, interests, or affections"
flabbergasted,"greatly surprised or astonished"
flagrant,"clearly offensive or bad; conspicuously acting against what is right"
flippant,"not showing a serious or respectful attitude"
flourish,"to grow or develop in a healthy or vigorous way, especially as the result of a particularly favorable environment"
fluctuate,"to rise and fall irregularly in number or amount"
fodder,"food, especially dried hay or feed, for cattle and other livestock"
forbearance,"patient self-control; restraint and tolerance"
foreboding,"a feeling that something bad will happen; fearful apprehension"
forego,"to precede or go before; to abstain from"
forlorn,"pitifully sad and abandoned or lonely"
fortuitous,"happening by chance or accident"
foster,"to encourage the development of (something, especially something desirable)"
frivolous,"not having any serious purpose or value"
frugal,"sparing or economical with regard to money or food"
furtive,"attempting to avoid notice or attention, typically because of guilt or a belief that discovery would lead to trouble"
garrulous,"excessively talkative, especially on trivial matters"
genial,"friendly and cheerful"
glib,"showing little thought, sincerity, or effort"
gluttony,"habitual greed or excessive indulgence in eating"
goad,"to provoke or annoy (someone) so as to stimulate some action or reaction"
gratuitous,"uncalled for; lacking good reason; unwarranted"
gregarious,"fond of company; sociable"
guile,"sly or cunning intelligence"
hackneyed,"lacking significance through having been overused; unoriginal and trite"
hamper,"to hinder or impede the movement or progress of"
hapless,"unfortunate; having bad luck"
harbinger,"a person or thing that signals or foreshadows what is to come"
haughty,"arrogantly superior and disdainful"
havoc,"widespread destruction; chaos"
heinous,"utterly odious or wicked"
heresy,"belief or opinion contrary to orthodox religious (especially Christian) doctrine"
hiatus,"a pause or gap in a sequence, series, or process"
hinder,"to create difficulties for (someone or something), resulting in delay or obstruction"
histrionic,"overly theatrical or melodramatic in character or style"
hoard,"to amass (money or valued objects) and hide or store away"
homogeneous,"of the same kind; alike"
hubris,"excessive pride or self-confidence; arrogance"
humble,"having or showing a modest or low estimate of one's importance"
hyperbole,"exaggerated statements or claims not meant to be taken literally"
hypocrite,"a person who pretends to have moral or religious beliefs, but behaves in a way that contradicts those beliefs"
iconoclast,"a person who attacks cherished beliefs or institutions"
idiosyncrasy,"a mode of behavior or way of thought peculiar to an individual"
ignominy,"public shame or disgrace"
illustrious,"well known, respected, and admired for past achievements"
imbibe,"to drink alcohol"
immaculate,"perfectly clean, neat, or tidy"
imminent,"about to happen; impending"
immutable,"unchanging over time or unable to be changed"
impartial,"treating all rivals or disputants equally; fair and just"
impeccable,"in accordance with the highest standards of propriety; faultless"
impede,"to delay or prevent (someone or something) by obstructing them; to hinder"
imperative,"of vital importance; crucial"
imperious,"assuming power or authority without justification; arrogant and domineering"
impetuous,"acting or done quickly and without thought or care"
implacable,"unable to be appeased or pacified"
implicit,"implied though not plainly expressed; unquestioning"
implore,"to beg someone earnestly or desperately to do something"
imposing,"grand and impressive in appearance"
imprudent,"not showing care for the consequences of an action; rash"
impudent,"not showing due respect for another person; impertinent"
inane,"silly; stupid"
inaugurate,"to formally admit someone to office; to mark the beginning of"
incandescent,"emitting light as a result of being heated; passionate or angry"
incense,"to make someone very angry; to infuriate"
incisive,"intelligently analytical and clear-thinking"
incognito,"having one's true identity concealed"
incongruous,"not in harmony or keeping with the surroundings or other aspects of something"
incontrovertible,"undeniable; impossible to dispute"
incorrigible,"not able to be corrected, improved, or reformed"
incredulous,"unwilling or unable to believe something"
incumbent,"necessary as a duty or responsibility; currently holding an office or position"
indebted,"owing gratitude or appreciation to someone; owing money"
indifferent,"having no particular interest or sympathy; unconcerned"
indigenous,"originating or occurring naturally in a particular place; native"
indignant,"feeling or showing anger or annoyance at what is perceived as unfair treatment"
indolent,"wanting to avoid activity or exertion; lazy"
indomitable,"impossible to subdue or defeat"
indulgent,"having a tendency to be overly generous or lenient"
inept,"having or showing no skill; clumsy"
inert,"lacking the ability or strength to move"
inexorable,"impossible to stop or prevent"
infamous,"well known for some bad quality or deed"
infatuated,"possessed with an intense but short-lived passion or admiration for someone"
infiltrate,"to enter or gain access to (an organization, place, etc.) surreptitiously and gradually, especially in order to acquire secret information"
influx,"an arrival or entry of large numbers of people or things"
inherent,"existing in something as a permanent, essential, or characteristic attribute"
inhibit,"to hinder, restrain, or prevent (an action or process)"
innocuous,"not harmful or offensive"
innovative,"introducing or using new ideas, methods, or concepts"
insatiable,"impossible to satisfy"
insidious,"proceeding in a gradual, subtle way, but with harmful effects"
insinuate,"to suggest or hint (something bad or reprehensible) in an indirect and unpleasant way"
insipid,"lacking flavor; dull or boring"
insolent,"showing a rude and arrogant lack of respect"
insular,"ignorant of or uninterested in cultures, ideas, or peoples outside one's own experience"
integrity,"the quality of being honest and having strong moral principles; moral uprightness"
intrepid,"fearless; adventurous (often used for rhetorical or humorous effect)"
inundate,"to overwhelm (someone) with things or people to be dealt with"
invoke,"to cite or appeal to (someone or something) as an authority for an action or in support of an argument"
irksome,"irritating; annoying"
ironic,"happening in the opposite way to what is expected or intended"
irrational,"not logical or reasonable"
irreverent,"showing a lack of respect for people or things that are generally taken seriously"
itinerant,"traveling from place to place"
jaunty,"having or expressing a lively, cheerful, and self-confident manner"
jeopardize,"to put (someone or something) into a situation in which there is a danger of loss, harm, or failure"
jest,"a thing said or done for amusement; a joke"
jubilant,"feeling or expressing great happiness and triumph"
judicious,"having, showing, or done with good judgment or sense"
juxtapose,"to place or deal with close together for contrasting effect"
keen,"having or showing eagerness or enthusiasm"
kinetic,"relating to or resulting from motion"
knack,"an acquired or natural skill at doing something"
labyrinth,"a complicated irregular network of passages or paths in which it is difficult to find one's way; a maze"
laconic,"using very few words; brief and to the point"
lament,"to express sorrow, regret, or disappointment about something"
lampoon,"to publicly criticize (someone or something) by using ridicule, irony, or sarcasm"
languid,"displaying or having a disinclination for physical exertion or effort; slow and relaxed"
latent,"existing but not yet developed or manifest; hidden or concealed"
laudable,"deserving praise and commendation"
lavish,"sumptuously rich, elaborate, or luxurious"
legacy,"an amount of money or property left to someone in a will"
lenient,"permissive, merciful, or tolerant in the exercise of authority or punishment"
lethargic,"sluggish and apathetic"
levity,"lack of seriousness; frivolity"
limpid,"clear and unclouded"
listless,"lacking energy or enthusiasm"
lithe,"thin, supple, and graceful"
loathe,"to feel intense dislike or disgust for"
lofty,"of imposing height or grandeur; noble and elevated in nature"
logistics,"the detailed coordination of a complex operation involving many people, facilities, or supplies"
loquacious,"talkative; fond of talking"
lucid,"expressed clearly; easy to understand"
ludicrous,"so foolish, unreasonable, or out of place as to be amusing; ridiculous"
lurid,"presented in vividly shocking or sensational terms"
luscious,"having a pleasingly rich, sweet taste"
magnanimous,"very generous or forgiving, especially toward a rival or someone less powerful than oneself"
malicious,"characterized by malice; intending or intended to do harm"
malleable,"easily influenced; pliable"
manifest,"clear or obvious to the eye or mind"
maudlin,"self-pityingly or tearfully sentimental"
meander,"to wander aimlessly or casually"
mediocre,"of only moderate quality; not very good"
melancholy,"a feeling of pensive sadness, typically with no obvious cause"
menace,"a person or thing that is likely to cause harm; a threat or danger"
mercurial,"subject to sudden or unpredictable changes of mood or mind"
meticulous,"showing great attention to detail; very careful and precise"
mirth,"amusement, especially as expressed in laughter"
misanthrope,"a person who dislikes humankind and avoids human society"
mitigate,"to make less severe, serious, or painful"
modicum,"a small quantity of a particular thing, especially something desirable or valuable"
modulate,"to exert a modifying or controlling influence on; to vary the strength, tone, or pitch of (one's voice)"
monotonous,"dull, tedious, and repetitious; lacking in variety and interest"
morose,"sullen and ill-tempered"
mundane,"lacking interest or excitement; dull"
munificent,"larger or more generous than is usual or necessary"
myriad,"a countless or extremely great number"
nadir,"the lowest point in the fortunes of a person or organization"
nascent,"just coming into existence and beginning to display signs of future potential"
nefarious,"wicked or criminal"
negligible,"so small or unimportant as to be not worth considering; insignificant"
neophyte,"a person who is new to a subject, skill, or belief"
nepotism,"the practice among those with power or influence of favoring relatives or friends, especially by giving them jobs"
nocturnal,"done, occurring, or active at night"
nonchalant,"feeling or appearing casually calm and relaxed; not displaying anxiety, interest, or enthusiasm"
nondescript,"lacking distinctive or interesting features or characteristics"
nostalgia,"a sentimental longing or wistful affection for a period in the past"
novice,"a person new to or inexperienced in a field or situation"
noxious,"harmful, poisonous, or very unpleasant"
nullify,"to make legally null and void; invalidate"
numb,"deprived of the power of sensation; unable to feel or move"
obdurate,"stubbornly refusing to change one's opinion or course of action"
obfuscate,"to render unclear, unintelligible, or confusing"
oblivion,"the state of being unaware or unconscious of what is happening"
obnoxious,"extremely unpleasant"
obscure,"not discovered or known about; uncertain"
obsequious,"obedient or attentive to an excessive or servile degree"
obsolete,"no longer produced or used; out of date"
obstinate,"stubbornly refusing to change one's opinion or chosen course of action"
obstreperous,"noisy and difficult to control"
obtuse,"annoyingly insensitive or slow to understand"
odious,"extremely unpleasant; repulsive"
ominous,"giving the impression that something bad or unpleasant is going to happen; threatening"
opulent,"ostentatiously rich and luxurious or lavish"
ornate,"made in an intricate shape or decorated with complex patterns"
ostentatious,"characterized by vulgar or pretentious display; designed to attract attention or impress"
outlandish,"looking or sounding bizarre or unfamiliar"
outspoken,"forthright or candid in speech; frank"
overbearing,"unpleasantly or arrogantly domineering"
overlook,"to fail to notice, perceive, or consider"
overwhelm,"to bury or drown beneath a huge mass"
overzealous,"excessively enthusiastic"
pacify,"to quell the anger, agitation, or excitement of; to bring peace or calm to"
palpable,"able to be touched or felt; tangible"
panacea,"a solution or remedy for all difficulties or diseases"
pandemonium,"wild and noisy disorder or confusion; uproar"
paradigm,"a typical example or pattern of something; a model"
paradox,"a statement or proposition that, despite sound reasoning from acceptable premises, leads to a conclusion that seems senseless, logically unacceptable, or self-contradictory"
paramount,"more important than anything else; supreme"
pariah,"an outcast"
parsimonious,"unwilling to spend money or use resources; stingy or frugal"
partisan,"a strong supporter of a party, cause, or person"
penchant,"a strong or habitual liking for something or tendency to do something"
perceptive,"having or showing sensitive insight or understanding"
perennial,"lasting or existing for a long or apparently infinite time; enduring or continually recurring"
perfunctory,"carried out with a minimum of effort or reflection"
perilous,"full of danger or risk"
permeate,"to spread throughout; pervade"
pernicious,"having a harmful effect, especially in a gradual or subtle way"
perplex,"to cause someone to feel completely baffled or puzzled"
pertinent,"relevant or applicable to a particular matter; apposite"
peruse,"to read (something), typically in a thorough or careful way"
pervasive,"spreading widely throughout an area or a group of people"
petulant,"childishly sulky or bad-tempered"
philanthropy,"the desire to promote the welfare of others, expressed especially by the generous donation of money to good causes"
piquant,"having a pleasantly sharp taste or appetizing flavor"
placate,"to make (someone) less angry or hostile"
placid,"not easily upset or excited; calm and peaceful"
plausible,"seeming reasonable or probable"
plethora,"a large or excessive amount of something"
plight,"a dangerous, difficult, or otherwise unfortunate situation"
poignant,"evoking a keen sense of sadness or regret; touching"
ponder,"to think about (something) carefully, especially before making a decision or reaching a conclusion"
portend,"to be a sign or warning that (something, especially something momentous or calamitous) is likely to happen"
portray,"to depict (someone or something) in a work of art or literature"
postulate,"to suggest or assume the existence, fact, or truth of (something) as a basis for reasoning, discussion, or belief"
potent,"having great power, influence, or effect"
pragmatic,"dealing with things sensibly and realistically in a way that is based on practical rather than theoretical considerations"
precarious,"dependent on chance; uncertain"
precede,"to come before (something) in time, order, or position"
precipitate,"to cause (an event or situation, typically one that is undesirable) to happen suddenly, unexpectedly, or prematurely"
preclude,"to prevent from happening; to make impossible"
precocious,"having developed certain abilities or proclivities at an earlier age than usual"
predicament,"a difficult, unpleasant, or embarrassing situation"
predilection,"a preference or special liking for something; a bias in favor of something"
preemptive,"intended to preempt or forestall something, especially to prevent attack by disabling the enemy"
premier,"first in importance, order, or position; leading"
preposterous,"contrary to reason or common sense; utterly absurd or ridiculous"
prescient,"having or showing knowledge of events before they take place"
presume,"to suppose that something is the case on the basis of probability"
prevail,"to prove more powerful or superior; to be widespread or current"
prevalent,"widespread in a particular area or at a particular time"
prodigious,"remarkably or impressively great in extent, size, or degree"
profound,"very great or intense; having or showing great knowledge or insight"
prolific,"producing much fruit or foliage or many offspring; highly productive"
prominent,"important; famous"
propensity,"an inclination or natural tendency to behave in a particular way"
propitious,"giving or indicating a good chance of success; favorable"
prosaic,"having the style or diction of prose; lacking poetic beauty; commonplace"
proscribe,"to forbid, especially by law; to denounce or condemn"
prosperous,"successful in material terms; flourishing financially"
protean,"able to change or do many different things; versatile"
protract,"to prolong or lengthen (something, typically a process or event)"
provincial,"of or concerning a province of a country or empire; lacking sophistication or narrow-minded"
prudent,"acting with or showing care and thought for the future"
pugnacious,"eager or quick to argue, quarrel, or fight"
pulchritudinous,"physically beautiful; comely"
punctual,"happening or doing something at the agreed or proper time; on time"
pungent,"having a sharply strong taste or smell"
purge,"to rid (someone or something) of an unwanted quality, condition, or feeling"
quaint,"attractively unusual or old-fashioned"
qualm,"an uneasy feeling of doubt, worry, or fear, especially about one's own conduct"
quandary,"a state of perplexity or uncertainty over what to do in a difficult situation"
quell,"to put an end to (a rebellion or other disorder), typically by the use of force"
querulous,"complaining in a petulant or whining manner"
quiescent,"in a state or period of inactivity or dormancy"
quintessential,"representing the most perfect or typical example of a quality or class"
quirky,"characterized by peculiar or unexpected traits"
quixotic,"exceedingly idealistic; unrealistic and impractical"
rampant,"flourishing or spreading unchecked; widespread and unrestrained"
ravenous,"extremely hungry; famished"
rebuke,"to express sharp disapproval or criticism of (someone) because of their behavior or actions"
recluse,"a person who lives a solitary life and tends to avoid other people"
recourse,"a source of help in a difficult situation"
rectify,"to put right; correct"
redolent,"strongly reminiscent or suggestive of something; fragrant or aromatic"
redundant,"not or no longer needed or useful; superfluous"
refute,"to prove (a statement or theory) to be wrong or false; to disprove"
regale,"to entertain or amuse (someone) with talk"
regress,"to return to a former or less developed state"
relegate,"to consign or dismiss to an inferior rank or position"
relentless,"oppressively constant; incessant"
relinquish,"to voluntarily cease to keep or claim; to give up"
remnant,"a small remaining quantity of something"
remorse,"deep regret or guilt for a wrong committed"
renounce,"to formally declare one's abandonment of (a claim, right, or possession)"
replete,"filled or well-supplied with something"
reprieve,"a cancellation or postponement of a punishment; a temporary relief or break"
reproach,"to address (someone) in such a way as to express disapproval or disappointment"
repudiate,"to refuse to accept or be associated with; to reject as untrue or unjust"
resilient,"able to withstand or recover quickly from difficult conditions"
resolute,"admirably purposeful, determined, and unwavering"
resplendent,"attractive and impressive through being richly colorful or sumptuous"
revel,"to enjoy oneself in a lively and noisy way, especially with drinking and dancing"
revere,"to feel deep respect or admiration for (something)"
rhapsody,"an effusively enthusiastic or ecstatic expression of feeling"
rife,"(of something undesirable) of common occurrence; widespread"
rout,"a disorderly retreat of defeated troops"
rudimentary,"involving or limited to basic principles; basic or elementary"
rue,"to bitterly regret (something one has done or allowed to happen)"
ruthless,"having or showing no pity or compassion for others"
sage,"having, showing, or indicating profound wisdom"
salient,"most noticeable or important"
sanctuary,"a place of refuge or safety"
sanguine,"optimistic or positive, especially in an apparently bad or difficult situation"
sardonic,"grimly mocking or cynical"
scintillating,"sparkling or shining brightly; brilliantly and excitingly clever or skillful"
scrupulous,"diligent, thorough, and extremely attentive to details"
seclude,"to keep (someone) away from other people; to isolate or hide"
sedentary,"tending to spend much time seated; somewhat inactive"
serene,"calm, peaceful, and untroubled; tranquil"
shrewd,"having or showing sharp powers of judgment; astute"
skeptical,"not easily convinced; having doubts or reservations"
slew,"a large number or quantity of something"
sly,"having or showing a cunning and deceitful nature"
smug,"having or showing an excessive pride in oneself or one's achievements"
solace,"comfort or consolation in a time of distress or sadness"
solemn,"formal and dignified; not cheerful or smiling; serious"
somber,"dark or dull in color or tone; gloomy"
sonorous,"imposingly deep and full; capable of producing a powerful sound"
soporific,"tending to induce drowsiness or sleep"
sparse,"thinly dispersed or scattered"
sporadic,"occurring at irregular intervals or only in a few places; scattered or isolated"
squander,"to waste (something, especially money or time) in a reckless and foolish manner"
stagnant,"showing no activity; dull and sluggish"
staunch,"loyal and committed in attitude"
steadfast,"resolutely or dutifully firm and unwavering"
stellar,"of or relating to a star or stars; exceptionally good; outstanding"
stifle,"to restrain or stop oneself from acting on or feeling (an emotion)"
stoic,"a person who can endure pain or hardship without showing their feelings or complaining"
strife,"angry or bitter disagreement over fundamental issues; conflict"
sublime,"of such excellence, grandeur, or beauty as to inspire great admiration or awe"
subtle,"delicate or precise as to be difficult to analyze or describe"
succinct,"briefly and clearly expressed"
suffice,"to be enough or adequate"
sullen,"bad-tempered and sulky; gloomy"
sumptuous,"splendid and expensive-looking; magnificent"
superfluous,"unnecessary, especially through being more than enough"
supple,"bending and moving easily and gracefully; flexible"
supplicate,"to ask or beg for something earnestly or humbly"
surmise,"to suppose that something is true without having evidence to confirm it"
surreptitious,"kept secret, especially because it would not be approved of"
sustenance,"food and drink regarded as a source of strength; nourishment"
sycophant,"a person who acts obsequiously toward someone important in order to gain advantage"
taciturn,"reserved or uncommunicative in speech; saying little"
tangible,"perceptible by touch; clear and definite; real"
tantamount,"equivalent in seriousness to; virtually the same as"
tedious,"too long, slow, or dull; tiresome or monotonous"
tempestuous,"characterized by strong and turbulent or conflicting emotion"
tenacious,"tending to keep a firm hold of something; clinging or adhering closely"
tentative,"not certain or fixed; provisional"
terse,"sparing in the use of words; abrupt"
timorous,"showing or suffering from nervousness, fear, or a lack of confidence"
tirade,"a long, angry speech of criticism or accusation"
torpid,"mentally or physically inactive; lethargic"
torrential,"(of rain) falling rapidly and in copious quantities"
tortuous,"full of twists and turns; excessively lengthy and complex"
tout,"to attempt to sell (something), typically by pestering people in an aggressive or bold manner"
tranquil,"free from disturbance; calm"
transcendent,"beyond or above the range of normal or merely physical human experience"
transitory,"not permanent"
trivial,"of little value or importance"
truculent,"eager or quick to argue or fight; aggressively defiant"
truncate,"to shorten (something) by cutting off the top or the end"
tumultuous,"making a loud, confused noise; excited, confused, or disorderly"
turmoil,"a state of great disturbance, confusion, or uncertainty"
ubiquitous,"present, appearing, or found everywhere"
ultimate,"being or happening at the end of a process; final"
unanimous,"(of two or more people) fully in agreement"
unassuming,"not pretentious or arrogant; modest"
unprecedented,"never done or known before"
unravel,"to undo (twisted, knitted, or woven threads)"
unwitting,"not aware of or not realizing something"
urbane,"suave, courteous, and refined in manner"
usurp,"to take (a position of power or importance) illegally or by force"
utilitarian,"designed to be useful or practical rather than attractive"
utopian,"modeled on or aiming for a state in which everything is perfect; idealistic"
vacuous,"having or showing a lack of thought or intelligence; mindless"
vagrant,"a person without a settled home or regular work who wanders from place to place"
vapid,"offering nothing that is stimulating or challenging; bland"
vehement,"showing strong feeling; forceful, passionate, or intense"
venerable,"accorded a great deal of respect, especially because of age, wisdom, or character"
verbose,"using or expressed in more words than are needed"
veritable,"used as an intensifier, often to qualify a metaphor"
versatile,"able to adapt or be adapted to many different functions or activities"
vestige,"a trace of something that is disappearing or no longer exists"
vigilant,"keeping careful watch for possible danger or difficulties"
vindicate,"to clear (someone) of blame or suspicion"
virtuous,"having or showing high moral standards"
vivacious,"attractively lively and animated"
volatile,"liable to change rapidly and unpredictably, especially for the worse"
voluble,"speaking or spoken incessantly and fluently"
voracious,"wanting or devouring great quantities of food; having a very eager approach to an activity"
vulnerable,"exposed to the possibility of being attacked or harmed, either physically or emotionally"
waive,"to refrain from insisting on or using (a right or claim)"
wane,"to decrease in vigor, power, or extent; to become weaker"
wary,"feeling or showing caution about possible dangers or problems"
wistful,"having or showing a feeling of vague or regretful longing"
wry,"using or expressing dry, especially mocking, humor"
zealous,"having or showing zeal; enthusiastic"
zenith,"the time at which something is most powerful or successful"
zest,"great enthusiasm and energy"

